{"cameraMode":{"drawMode":0,"name":"Shaded","section":"Shading Mode"},"sceneLighting":true,"audioPlay":false,"sceneViewState":{"m_AlwaysRefresh":false,"showFog":true,"showSkybox":true,"showFlares":true,"showImageEffects":true,"showParticleSystems":true,"showVisualEffectGraphs":true,"m_FxEnabled":true},"in2DMode":false,"pivot":{"x":1.494598627090454,"y":-9.654317855834961,"z":6.656807899475098},"rotation":{"x":-0.46603432297706606,"y":0.004509789403527975,"z":-0.0023753901477903129,"w":-0.8847520351409912},"size":19.570331573486329,"orthographic":false}